"","","","","","","September 2026","","","","","","","","","","","","","","","","","","","","","","","","","","","","","","","","","","","","","","","",""
"COMBINED RF/FS Refund/Cancellation","","","","","","","","","","","","","","","","","","","","","","","","","","","","","","","","","","","","","","","","","","","","","",""
"Plan","","","","","","","","","","","","","","","","","","","","","","","","","","","","","","","","","","","","","","","","","","","","","",""
"Elite V1 Weekly","4","","4","","","","","","","","","","","","","","","","","","","","","","","","","","","","","","","","","","","","","","","","","","",""
"Elite V2 Monthly","2","","2","","","","","","","","","","","","","","","","","","","","","","","","","","","","","","","","","","","","","","","","","","",""
"Expert Weekly","3","","3","","","","","","","","","","","","","","","","","","","","","","","","","","","","","","","","","","","","","","","","","","",""
"Premium Weekly","1","","1","","","","","","","","","","","","","","","","","","","","","","","","","","","","","","","","","","","","","","","","","","",""
"Starter Quarterly","","1","1","","","","","","","","","","","","","","","","","","","","","","","","","","","","","","","","","","","","","","","","","","",""
"Starter Weekly","1","","1","","","","","","","","","","","","","","","","","","","","","","","","","","","","","","","","","","","","","","","","","","",""
"Grand Total","11","1","12","","","","","","","","","","","","","","","","","","","","","","","","","","","","","","","","","","","","","","","","","","",""
"FOLLOWSPY ONLY Refund/Cancellation","","","","","","","","","","","","","","","","","","","","","","","","","","","","","","","","","","","","","","","","","","","","","",""
"Plan","","","","","","","","","","","","","","","","","","","","","","","","","","","","","","","","","","","","","","","","","","","","","",""
"Premium Weekly","1","","1","","","","","","","","","","","","","","","","","","","","","","","","","","","","","","","","","","","","","","","","","","",""
"Starter Quarterly","","1","1","","","","","","","","","","","","","","","","","","","","","","","","","","","","","","","","","","","","","","","","","","",""
"Grand Total","1","1","2","","","","","","","","","","","","","","","","","","","","","","","","","","","","","","","","","","","","","","","","","","",""
"RECENTFOLLOW ONLY Refund/Cancellation","","","","","","","","","","","","","","","","","","","","","","","","","","","","","","","","","","","","","","","","","","","","","",""
"Plan","","","","","","","","","","","","","","","","","","","","","","","","","","","","","","","","","","","","","","","","","","","","","",""
"Elite V1 Weekly","4","4","","","","","","","","","","","","","","","","","","","","","","","","","","","","","","","","","","","","","","","","","","","",""
"Elite V2 Monthly","2","2","","","","","","","","","","","","","","","","","","","","","","","","","","","","","","","","","","","","","","","","","","","",""
"Expert Weekly","3","3","","","","","","","","","","","","","","","","","","","","","","","","","","","","","","","","","","","","","","","","","","","",""
"Starter Weekly","1","1","","","","","","","","","","","","","","","","","","","","","","","","","","","","","","","","","","","","","","","","","","","",""
"Grand Total","10","10","","","","","","","","","","","","","","","","","","","","","","","","","","","","","","","","","","","","","","","","","","","",""
"RF/FS Cancellation/Refund Req Reason/Issue","","","","","","","","","","","","","","","","","","","","","","","","","","","","","","","","","","","","","","","","","","","","","",""
"Reason/Issue","","","","","","","","","","","","","","","","","","","","","","","","","","","","","","","","","","","","","","","","","","","","","",""
"Cancellation Issue (Stripe Cx)","4","2","","","","","6","","","","","","","","","","","","","","","","","","","","","","","","","","","","","","","","","","","","","","",""
"CX DB Cancellation Issue","","","1","","","","1","","","","","","","","","","","","","","","","","","","","","","","","","","","","","","","","","","","","","","",""
"Dispute threat","","","","","1","","1","","","","","","","","","","","","","","","","","","","","","","","","","","","","","","","","","","","","","","",""
"Duplicate","","","1","","","","1","","","","","","","","","","","","","","","","","","","","","","","","","","","","","","","","","","","","","","",""
"No longer needed","","","1","1","","1","3","","","","","","","","","","","","","","","","","","","","","","","","","","","","","","","","","","","","","","",""
"Grand Total","4","2","3","1","1","1","12","","","","","","","","","","","","","","","","","","","","","","","","","","","","","","","","","","","","","","",""
"Count of Accepted Save Offer
(Action Done)","","","","","","","","","","","","","","","","","","","","","","","","","","","","","","","","","","","","","","","","","","","","","",""
"Plan","","","","","","","","","","","","","","","","","","","","","","","","","","","","","","","","","","","","","","","","","","","","","",""
"Grand Total","","","","","","","","","","","","","","","","","","","","","","","","","","","","","","","","","","","","","","","","","","","","","",""